views_7d,add_to_cart_30d,orders_12m,avg_price_viewed,brand_diversity,days_since_last_purchase,campaign_clicks,age_group,region,bought_fragrance
4,0,1,48.855123890811676,7,107,1,35-44,DE,0
4,0,0,80.14847636100762,7,269,0,55+,CH,0
5,0,0,107.66321036006647,5,265,1,25-34,FR,0
1,0,0,63.7623352974521,1,34,1,25-34,AT,0
7,1,1,38.112103934333895,3,58,1,55+,IT,0
1,2,1,38.105105073671744,6,217,1,18-24,CH,0
4,1,1,80.5313110342315,6,227,0,35-44,IT,0
2,0,1,63.805076420791124,2,240,0,45-54,DE,0
2,0,0,82.53661792128106,6,136,1,18-24,CH,0
5,1,1,54.32731501681301,7,304,1,35-44,AT,0
4,3,0,81.61247095079663,4,162,1,25-34,CH,1
1,2,1,61.83401653100549,3,75,2,45-54,AT,1
6,2,2,50.349918893521014,4,42,1,55+,DE,0
2,0,1,56.98003042395231,1,320,0,45-54,DE,0
5,1,1,41.05891289153527,4,258,0,18-24,CH,0
0,0,1,104.78719117163223,1,168,2,45-54,AT,1
2,0,1,63.07236372883026,1,76,1,55+,DE,0
2,1,1,77.89028177364392,4,35,0,35-44,IT,0
3,1,0,54.262617342584015,4,55,1,35-44,DE,0
4,3,1,43.96144356040354,7,38,0,18-24,FR,0
0,0,0,60.3223897816413,4,193,1,45-54,CH,0
2,1,1,87.02385066758397,7,72,0,18-24,DE,0
2,4,0,54.585364172034325,6,46,1,25-34,FR,1
3,0,0,47.589360545411694,3,103,2,55+,FR,0
2,1,0,68.10928488738287,7,255,0,55+,CH,1
4,1,0,74.98045201435488,4,181,1,55+,DE,0
5,1,0,97.85696337706366,5,56,0,25-34,DE,0
3,0,0,72.0750095674499,1,273,2,18-24,AT,0
4,0,0,77.8798535706247,2,178,0,25-34,FR,0
4,1,0,79.38550473840642,4,68,0,18-24,IT,0
1,1,1,41.9396923613474,2,252,1,45-54,FR,0
2,0,0,45.733358590609114,5,362,1,35-44,IT,0
2,0,0,43.32207420788699,1,197,0,25-34,DE,0
4,2,1,38.35708488616709,2,58,1,18-24,CH,1
3,3,0,80.90919749740807,5,112,0,25-34,FR,0
5,2,0,70.80100183327511,5,218,0,45-54,DE,1
3,1,0,66.58992126182899,7,364,0,35-44,DE,0
4,0,3,13.145669691954627,7,339,0,18-24,FR,0
5,1,0,106.10953717237237,6,340,1,18-24,IT,0
2,0,0,47.11455991692888,1,303,4,25-34,FR,0
4,0,0,106.03625511877915,5,209,0,18-24,DE,0
3,0,0,36.01517038697368,2,236,0,55+,AT,0
2,2,1,48.75197682886926,2,267,1,35-44,DE,1
7,0,1,20.943012349807404,2,261,0,18-24,DE,1
3,1,0,72.24249951885395,4,233,0,45-54,AT,1
3,2,2,42.97486358377535,1,48,0,25-34,FR,0
2,3,1,43.53999691803291,4,321,2,25-34,AT,0
3,1,0,37.54971565651205,2,3,1,35-44,IT,0
4,1,0,80.54710125475727,4,155,0,18-24,FR,0
0,0,0,79.22927303135094,5,158,0,25-34,DE,1
1,2,1,101.2406778215757,2,363,1,45-54,DE,0
2,0,1,51.28586757854053,1,32,0,55+,AT,1
4,0,0,69.37638742093601,6,173,1,25-34,IT,0
2,1,0,39.21329605196097,6,130,0,35-44,CH,0
4,3,0,58.29921954529364,2,35,2,25-34,CH,0
3,0,1,54.62309373437645,7,81,1,35-44,DE,0
2,0,1,74.28899914990842,2,154,2,25-34,DE,0
3,1,0,85.34043612836382,7,334,0,35-44,IT,0
4,0,0,84.82133381663,1,141,1,18-24,DE,0
3,1,0,48.14375455564778,5,321,0,55+,CH,0
5,2,1,84.96935809245998,1,267,4,45-54,AT,1
4,2,0,64.11829725784406,2,298,1,25-34,CH,0
3,2,0,58.5080620820597,3,311,1,45-54,CH,0
1,1,0,50.82977026362163,1,260,2,18-24,DE,1
2,0,1,53.80128411276896,4,267,0,45-54,DE,0
2,0,3,99.84627692392466,2,56,0,25-34,DE,0
1,1,1,71.14821532988047,1,261,0,18-24,DE,0
1,2,0,68.4922369500241,7,17,0,35-44,DE,0
1,1,0,59.755062829261064,7,269,1,25-34,DE,0
1,1,1,113.91957222876057,7,238,1,35-44,DE,1
3,0,0,91.1002097769285,2,276,0,35-44,DE,0
2,2,1,50.57875770402415,3,234,1,18-24,AT,0
1,2,0,59.52769890590751,3,134,0,18-24,DE,0
3,0,1,60.715109132581794,3,134,0,35-44,CH,0
2,0,1,67.91743956565199,3,217,0,35-44,IT,0
1,0,2,50.97548014737129,4,172,1,18-24,DE,0
6,1,0,73.77633046723393,4,124,0,25-34,CH,0
3,1,0,94.04176264078629,3,178,1,35-44,IT,0
5,2,0,38.72743781991674,7,195,1,35-44,CH,0
2,1,0,42.43706525815866,7,87,1,45-54,DE,1
2,2,1,55.33682889405386,3,232,0,25-34,FR,0
3,1,1,56.26408879784341,2,114,2,35-44,FR,0
6,1,1,104.96931749491861,4,97,1,35-44,CH,0
5,2,0,85.03418440029678,3,152,2,25-34,DE,0
3,1,1,83.88644704236528,7,37,0,18-24,DE,0
2,1,1,59.71268612973199,4,220,0,18-24,IT,0
5,0,1,59.273731864263716,1,267,1,45-54,DE,0
4,3,1,35.96589172469203,1,348,0,25-34,DE,0
3,3,0,80.63480456095634,1,103,2,35-44,CH,0
5,3,0,74.8210920961757,3,196,1,35-44,AT,0
2,0,0,90.71994729356567,3,183,1,25-34,DE,0
2,0,0,60.78340573287665,6,266,0,45-54,DE,0
5,2,1,62.16441707599206,7,228,1,35-44,CH,0
2,2,1,68.40091057121272,1,294,1,18-24,FR,1
3,0,0,82.8379515101419,7,310,5,45-54,CH,0
7,2,0,35.59568755805042,5,41,0,35-44,IT,0
4,4,0,79.72112267476749,3,129,4,25-34,DE,1
2,1,0,64.5900887565434,3,238,4,45-54,DE,0
4,1,0,43.82725464092607,4,198,1,35-44,CH,0
3,1,0,23.30788494691867,2,175,1,25-34,DE,0
4,1,1,62.27052576243293,7,63,0,55+,CH,0
3,0,0,93.9542596654814,1,208,0,35-44,IT,0
1,0,0,98.4936933348279,1,270,1,35-44,DE,0
1,2,0,72.10752421340193,2,14,3,18-24,FR,0
4,2,1,104.24011327684495,2,215,0,25-34,DE,1
0,1,1,64.1411783408651,1,330,2,25-34,CH,1
1,0,0,84.06607103285562,3,209,2,35-44,CH,0
3,1,1,55.975382221871456,3,347,3,35-44,CH,0
5,4,1,54.70802321431703,1,128,0,45-54,DE,0
1,1,1,51.449817662387275,6,1,0,25-34,AT,1
4,0,0,23.78942105751375,7,248,2,35-44,AT,0
2,1,1,90.74184519893824,6,77,1,45-54,IT,0
3,1,0,52.16735121723968,4,3,0,45-54,IT,0
1,1,2,48.97122440489607,7,65,1,45-54,DE,0
3,0,1,41.40056636774649,3,340,0,45-54,CH,0
4,0,1,60.91281126927434,3,285,1,18-24,DE,0
3,2,0,100.26984621119485,1,100,2,35-44,IT,0
4,2,0,106.87557701645434,5,218,1,55+,DE,0
3,3,1,31.782662483958333,1,123,1,35-44,DE,0
1,0,0,57.91104008047435,5,64,0,25-34,FR,0
4,4,0,44.31284459812603,6,360,1,55+,DE,0
3,2,0,84.76675482423039,2,297,1,18-24,FR,1
0,0,0,70.73187094587854,5,132,1,25-34,DE,0
2,0,1,52.2686134524033,3,129,0,18-24,FR,0
5,3,1,66.45146161182038,3,297,1,25-34,IT,1
4,1,1,55.45162757184583,4,168,1,25-34,FR,0
7,1,2,97.28492188749793,2,137,2,25-34,DE,1
2,1,0,75.93919030032076,6,141,1,55+,DE,1
2,1,0,78.39646841832877,3,163,4,25-34,DE,0
2,4,1,11.66165043934205,4,190,1,35-44,DE,1
2,3,0,63.664226423423784,6,14,2,45-54,CH,1
3,3,1,106.66421918118068,2,175,0,45-54,DE,0
2,1,0,91.52258140073369,4,160,1,25-34,DE,0
6,0,0,28.058208281593938,7,100,1,18-24,DE,0
1,2,0,58.73148334632812,3,129,0,35-44,AT,0
2,3,2,40.969610681625575,1,154,0,45-54,DE,0
6,2,0,99.2220312072574,2,133,0,35-44,DE,0
2,0,0,69.88556564551817,7,331,1,25-34,CH,0
3,2,0,49.64408880537128,6,192,1,45-54,DE,0
2,2,1,65.68315887081577,6,183,0,35-44,AT,0
2,0,0,12.852689418630323,2,95,2,35-44,DE,0
2,6,0,43.300773930868466,6,334,0,45-54,FR,0
5,0,0,65.72887451652619,3,8,2,45-54,FR,0
1,2,1,81.91350736906645,6,200,1,35-44,IT,0
5,1,1,26.173717588053186,7,61,1,35-44,FR,0
5,1,1,57.376893845951415,2,280,2,35-44,FR,1
2,1,2,85.19371477037643,7,138,1,35-44,CH,0
3,0,1,35.97093351253456,5,107,0,25-34,CH,0
1,2,1,69.58365669568346,6,21,0,35-44,FR,0
4,0,0,66.31949006212007,6,288,0,35-44,CH,1
5,1,0,99.28760640713205,2,144,1,25-34,CH,0
6,2,0,60.39727613776725,6,96,1,18-24,DE,0
6,1,0,61.5679880324986,2,308,1,35-44,DE,0
3,1,0,82.09919506329378,2,7,1,35-44,CH,0
0,2,1,38.473026639013106,1,171,0,25-34,DE,0
7,1,0,60.582335868982824,2,58,2,25-34,CH,0
4,2,2,55.885499783189786,7,46,0,25-34,DE,0
1,3,0,62.221763745897995,3,7,0,55+,CH,0
3,1,1,81.96812897925676,3,68,2,45-54,FR,0
3,3,0,76.08322970164346,4,345,0,35-44,CH,0
3,2,1,50.026353829426476,5,162,0,25-34,FR,0
2,1,0,67.73398406654425,5,364,2,45-54,DE,0
4,4,1,94.80883228201048,4,97,2,35-44,DE,1
4,1,1,48.37268602405389,6,278,0,55+,FR,0
2,0,0,67.90333560794025,4,32,1,18-24,IT,0
1,1,0,61.13678646122743,6,39,1,18-24,FR,0
5,1,0,63.73989968326446,7,5,0,35-44,FR,0
6,1,0,32.38684755501198,5,328,1,25-34,FR,0
1,1,0,93.2152570862441,1,245,0,35-44,FR,0
1,2,0,49.512961982236334,2,271,1,45-54,FR,0
0,3,1,85.52143940307066,5,338,0,18-24,FR,1
3,2,0,52.57246783904978,4,121,3,25-34,DE,0
5,1,1,52.489906962084795,2,263,0,35-44,DE,0
5,1,1,89.26246500930934,3,183,0,45-54,CH,0
2,0,0,84.87769206955849,1,198,1,25-34,CH,0
2,5,1,69.17331797927966,2,241,1,25-34,FR,1
6,0,1,80.22301099612639,6,171,0,35-44,DE,0
5,1,0,59.228944394872,1,8,0,25-34,DE,0
4,1,3,64.8326474456222,6,27,0,45-54,IT,0
2,0,0,51.76751215072362,3,183,0,35-44,DE,0
1,0,1,83.0812989860052,6,208,1,25-34,IT,0
3,0,0,51.13173337665295,2,267,0,45-54,DE,0
1,0,0,94.70312689875706,6,208,0,35-44,CH,0
1,1,0,58.68331663360351,5,68,1,18-24,CH,0
2,3,0,65.4101712803267,6,133,1,35-44,DE,0
1,1,0,80.17456041308668,1,161,2,55+,DE,0
2,2,0,65.47728842379163,6,359,2,35-44,DE,0
3,0,0,59.041833714293794,2,194,0,25-34,DE,0
4,2,1,64.39953104383056,3,231,0,35-44,DE,0
3,3,0,82.87636707115168,1,268,0,25-34,IT,0
1,0,0,51.74295555726589,7,132,1,35-44,DE,0
2,0,0,62.475259854534706,5,352,0,35-44,CH,0
0,2,2,65.20573454674951,7,246,0,25-34,DE,0
2,1,0,82.29170391055312,4,309,3,25-34,AT,0
1,1,0,63.00309252257127,2,273,0,55+,IT,0
2,2,0,101.16598188987444,3,226,2,25-34,AT,0
3,0,0,61.8692284456981,4,11,1,45-54,AT,0
5,1,0,60.246327231894405,2,213,2,35-44,DE,0
6,0,0,61.57935756764537,7,47,1,35-44,FR,0
3,1,1,38.6671714268398,7,220,0,18-24,DE,0
1,1,0,44.2654630648263,4,256,1,25-34,IT,0
0,1,0,54.38666220521814,5,198,0,18-24,CH,0
1,0,0,87.7165969770026,5,112,0,35-44,CH,0
4,1,0,64.3374788127598,5,21,1,55+,AT,1
3,1,0,55.307116207685866,1,244,0,45-54,IT,0
4,0,0,89.5306949121319,4,254,2,18-24,AT,0
0,2,0,96.02354265784521,6,174,1,25-34,DE,0
5,0,2,90.1076492181552,6,261,2,18-24,DE,1
2,3,0,47.938200055296846,5,284,1,55+,DE,1
4,1,1,55.09502759612688,7,187,0,25-34,CH,0
3,0,0,101.27472140629438,5,17,0,25-34,CH,0
5,1,0,69.82279384000044,3,317,0,35-44,DE,0
4,1,0,59.64745870207843,4,170,1,35-44,IT,0
3,0,1,79.36695922661674,5,245,1,25-34,DE,0
3,1,0,85.14598134716225,7,332,0,35-44,FR,0
2,1,0,53.57100858143471,2,132,0,18-24,IT,1
6,1,0,69.38879917239863,3,227,0,18-24,FR,0
5,0,0,83.53120138434117,5,7,2,18-24,CH,0
4,1,1,41.794257080802936,6,323,2,25-34,DE,0
1,1,0,65.2469091485228,3,21,0,55+,DE,0
5,0,0,42.712206938985695,5,197,0,35-44,FR,1
5,0,1,45.32839006146378,1,128,2,45-54,CH,0
2,2,0,53.73799845039392,3,13,1,25-34,DE,1
1,1,0,74.5423907575894,7,168,1,35-44,AT,0
4,1,2,58.559547427237305,5,341,1,55+,FR,0
3,2,1,52.03163750063188,7,60,0,25-34,IT,0
2,0,0,66.03109126649919,2,106,1,55+,CH,0
1,0,0,42.060745434671404,3,69,2,35-44,AT,0
4,0,1,73.5760643566782,7,45,0,45-54,DE,0
4,2,0,87.6277352391662,7,84,3,25-34,DE,0
4,2,1,63.41591918023977,7,208,2,35-44,IT,0
2,0,0,60.947020133995835,3,284,0,35-44,IT,0
3,1,0,72.46880706431139,6,251,0,55+,CH,0
1,2,2,24.430611623369103,4,281,2,55+,DE,0
4,5,4,75.73634913195735,6,261,1,25-34,DE,1
3,3,1,127.03771607489726,6,139,0,55+,FR,1
3,2,1,62.54647557770559,4,328,0,45-54,IT,0
2,3,2,62.617499325673386,3,62,0,35-44,DE,0
2,4,1,79.87214000199367,7,255,0,18-24,DE,1
5,1,0,97.90665336395924,4,40,0,18-24,FR,0
1,1,0,84.4993568886827,4,279,0,18-24,FR,1
6,2,1,21.88786242832899,5,31,2,18-24,CH,0
2,0,0,76.26797675325494,7,78,0,55+,CH,0
4,0,1,116.43860290483349,1,142,1,25-34,AT,0
2,2,0,77.4488209351893,7,253,1,35-44,DE,0
2,1,2,41.907961734565006,3,16,0,35-44,CH,1
4,1,2,70.63659248837227,1,93,0,35-44,FR,0
4,0,0,39.38625497317866,3,121,5,25-34,CH,0
2,0,0,89.65607378537719,4,266,1,35-44,IT,0
5,1,1,45.88234823944149,5,350,1,35-44,FR,1
3,2,1,66.48487269384046,4,224,2,35-44,CH,0
2,0,0,47.844399960163045,1,185,0,25-34,DE,0
2,0,2,54.07103884904018,4,122,0,45-54,FR,0
5,1,0,94.7230129172099,2,300,2,18-24,DE,0
5,2,0,67.06914329787395,2,39,1,35-44,DE,0
2,0,0,53.8159505254856,5,47,0,25-34,CH,0
6,0,0,42.095440582265546,6,73,1,25-34,CH,1
5,2,0,27.565970272011274,2,97,0,45-54,AT,0
4,4,1,39.97438732954627,5,168,0,18-24,FR,0
2,3,0,67.23918482888756,3,345,1,55+,IT,0
2,0,0,84.60467537445328,3,237,0,45-54,DE,0
1,2,1,53.79297015155598,5,139,2,25-34,CH,0
3,2,0,96.41087201438029,2,77,0,25-34,AT,0
2,3,0,50.64999155543546,6,236,1,18-24,CH,0
1,1,1,60.23976554240242,3,92,1,55+,IT,0
3,0,0,43.40846559325496,1,356,0,35-44,CH,0
5,1,0,84.81523469135712,6,174,0,18-24,DE,0
4,0,0,106.95021228089135,6,201,1,35-44,CH,1
6,2,2,29.763660781276045,4,329,0,18-24,DE,0
4,2,0,58.076758627306035,6,111,1,35-44,DE,0
9,0,2,90.2955969410007,2,172,0,35-44,DE,0
2,0,0,36.061089571487976,3,194,2,18-24,DE,0
3,1,0,76.33367813942172,3,98,2,45-54,CH,1
2,0,1,89.4294440041514,6,19,0,25-34,IT,0
3,0,2,66.56457628713675,3,103,0,35-44,CH,0
2,4,0,76.00526141880265,6,41,0,35-44,IT,1
2,0,0,100.21804772255214,3,246,2,55+,CH,1
4,1,1,103.96853108202293,5,2,0,25-34,DE,0
2,1,0,63.76065573931034,2,115,0,55+,DE,0
4,1,0,54.352443014015336,4,322,0,25-34,AT,0
7,3,1,46.60039777852607,1,207,1,45-54,FR,0
3,1,1,84.53928300857424,6,245,2,25-34,AT,0
2,2,2,37.56448884418064,1,244,1,35-44,DE,0
6,2,2,59.948519240175955,7,108,1,18-24,FR,1
4,1,1,67.05379541908933,6,230,0,55+,FR,0
2,1,0,54.93994974562491,5,80,1,55+,AT,0
1,0,1,70.59640530038247,7,231,1,25-34,DE,0
1,2,0,116.29026636585516,6,249,2,35-44,AT,1
2,1,0,62.56802819306915,1,319,0,35-44,CH,1
3,2,3,56.291887451452205,6,335,1,25-34,IT,0
4,2,2,85.30663648763705,3,8,1,35-44,CH,1
4,2,0,69.79167288291043,6,109,0,35-44,CH,1
3,0,1,93.78671542422752,7,199,1,35-44,CH,1
2,1,1,68.29375239639437,7,117,1,18-24,IT,0
1,1,1,60.03153584057934,4,225,0,55+,DE,1
4,1,1,29.325502238108893,2,311,0,18-24,CH,1
6,2,1,32.605306123765196,1,94,3,35-44,CH,1
2,0,1,28.286026191457946,2,326,1,18-24,FR,0
5,1,0,72.58678332568479,7,321,1,18-24,CH,1
0,1,0,37.75501040265081,5,333,1,18-24,FR,1
3,2,1,90.11154731838766,3,26,0,25-34,CH,0
4,0,0,65.60493129711908,4,107,1,35-44,FR,0
4,1,0,60.11626161796662,2,45,0,35-44,FR,1
0,1,1,48.12289849591324,4,43,2,35-44,FR,0
3,0,0,77.44517496540412,3,19,1,35-44,IT,1
4,0,1,48.91004360915177,6,160,0,18-24,CH,0
2,2,0,45.29243991860238,1,31,0,18-24,DE,0
2,1,0,88.76699841210697,7,107,1,35-44,FR,0
2,1,0,72.09242321550045,1,358,0,35-44,DE,0
2,3,0,60.30141143503455,3,322,1,35-44,DE,0
1,0,1,77.82865969467433,3,342,2,25-34,IT,1
3,3,1,65.17863746221397,6,13,0,45-54,CH,0
3,0,0,72.66026300903367,5,241,1,18-24,CH,0
2,2,0,48.6630419524909,2,231,0,35-44,AT,0
5,2,1,106.40797217821245,4,48,0,18-24,DE,1
5,1,0,53.4076006464755,4,330,0,35-44,DE,0
5,0,0,96.12032653899955,4,147,0,25-34,DE,0
2,0,0,61.22262301391047,1,356,2,35-44,DE,0
1,3,1,81.14194231309925,2,41,1,18-24,FR,0
4,3,1,79.68446998052272,4,237,0,35-44,FR,0
5,2,0,87.93703510300091,2,47,0,18-24,CH,0
4,2,1,48.1875258567171,4,346,1,35-44,DE,0
2,1,0,86.51270802557724,2,221,1,18-24,CH,0
2,2,1,101.9287970182288,6,27,3,18-24,DE,0
3,0,0,59.82614041516286,2,78,0,35-44,FR,0
4,1,0,65.69412134284245,5,131,3,18-24,FR,1
4,1,0,54.531067150396915,6,4,0,25-34,DE,0
0,1,1,58.071274956298,3,3,2,45-54,IT,0
2,1,3,99.2284559786498,1,337,1,45-54,FR,1
4,2,2,44.915309477395915,1,358,1,45-54,DE,0
4,1,0,46.15762356298456,3,195,0,25-34,FR,0
1,1,1,97.21801872828753,1,329,3,35-44,FR,0
6,1,1,77.49096851776724,7,239,0,45-54,DE,1
3,1,1,107.40740498085049,7,10,0,18-24,DE,0
6,0,1,55.99122724348293,7,260,3,45-54,FR,0
1,0,0,67.52562274475139,7,6,1,18-24,AT,1
5,0,2,51.786461124563914,5,298,0,55+,CH,0
3,1,1,67.86602337295392,3,133,2,35-44,CH,0
3,1,1,29.518066054313927,4,51,0,25-34,FR,0
3,0,0,78.69909113310017,2,94,2,25-34,CH,0
2,1,0,71.46948166984676,6,249,1,25-34,DE,1
4,3,0,63.84890675068162,4,309,2,25-34,CH,1
5,0,1,57.192713508006705,3,208,1,45-54,AT,1
3,3,0,47.10492025263801,5,58,0,35-44,IT,1
3,1,1,79.55425824065522,3,328,0,35-44,AT,0
3,0,0,41.57820028593187,3,288,1,25-34,DE,1
4,1,1,75.23791824098487,2,149,0,35-44,CH,0
2,1,0,106.48902789618914,1,202,1,25-34,CH,1
3,1,1,94.71042977288596,1,351,2,25-34,DE,1
4,1,0,34.897441146586935,3,137,0,55+,DE,1
5,1,1,54.265238793133946,7,9,1,35-44,IT,0
6,1,2,73.42901481110675,2,53,0,35-44,FR,0
2,0,0,63.59436155971299,5,219,3,55+,FR,0
2,0,0,37.01188563435158,3,364,2,25-34,DE,1
2,0,1,72.70631902946982,3,270,2,55+,CH,0
1,0,1,64.79966209767402,2,225,0,35-44,DE,0
5,2,1,103.28650817207563,4,117,1,35-44,DE,1
0,1,0,59.93542594765107,5,160,0,25-34,CH,1
1,0,0,88.36006770653182,3,14,0,18-24,DE,0
4,1,2,39.65823193740049,4,135,1,25-34,AT,1
5,0,0,44.439814042069834,4,227,0,18-24,CH,0
1,4,0,79.4332391961898,2,330,0,18-24,DE,0
5,0,0,86.67461561214749,5,336,0,35-44,DE,0
4,1,3,45.852145478512156,4,299,1,45-54,FR,0
3,0,0,65.48154812967823,1,7,0,18-24,DE,0
2,0,1,37.36841652941844,4,296,1,45-54,DE,0
5,1,1,61.375603473890415,3,79,0,55+,CH,1
1,0,0,81.73845571248252,6,224,2,45-54,DE,0
2,1,1,56.30083001727711,3,345,2,45-54,FR,1
4,1,1,60.01930588112394,7,324,2,35-44,CH,1
7,1,0,42.404092034078964,5,242,1,25-34,DE,0
6,1,0,52.03283172750149,1,109,2,25-34,IT,0
4,0,0,100.16221832428677,3,190,0,55+,CH,0
4,1,0,66.45849783434265,7,256,2,35-44,FR,0
2,0,0,44.95384466698803,2,187,0,45-54,DE,1
2,1,1,58.704561001640165,5,147,1,55+,FR,0
4,2,0,33.05144757666876,6,147,1,25-34,DE,1
2,1,0,44.716806157195755,5,218,0,25-34,CH,0
1,1,0,92.20679478092907,1,13,1,35-44,DE,0
2,0,1,62.150351512267896,3,364,2,18-24,AT,0
6,1,0,102.81460352202413,3,37,1,35-44,DE,0
2,4,0,63.093043230078884,3,359,1,45-54,AT,0
3,2,0,64.28042607617009,7,12,2,35-44,AT,0
1,2,0,77.81788317084246,1,187,1,25-34,CH,1
2,1,0,11.548248355611976,4,152,1,45-54,DE,0
5,2,1,69.0987864730715,7,209,1,18-24,CH,1
6,2,0,64.02027023878097,7,158,0,55+,AT,0
0,2,0,94.72077787030295,5,327,3,18-24,FR,0
4,0,1,84.29358788327235,7,6,0,45-54,CH,0
2,0,0,42.326166289063984,3,359,1,25-34,DE,0
7,1,0,89.84277237255161,5,251,0,25-34,IT,1
4,3,1,59.753709488380096,4,284,2,35-44,DE,0
1,2,1,46.910935474079096,1,51,0,25-34,DE,0
2,3,0,68.94206501742404,1,23,1,25-34,DE,0
3,1,2,60.94461288672363,7,144,0,45-54,CH,0
3,1,1,95.76930628057048,2,117,0,45-54,IT,0
3,1,0,71.8124405698242,3,285,0,18-24,IT,0
3,2,2,69.11317841772012,5,327,0,35-44,DE,1
4,1,1,83.0129416571088,5,156,1,45-54,CH,0
1,1,0,86.85743236185424,4,280,1,45-54,IT,1
2,0,1,80.67210188594598,7,21,1,25-34,CH,0
3,1,1,93.38926945629908,6,270,1,18-24,DE,0
3,1,1,77.17364825827576,7,36,2,55+,CH,0
2,1,2,68.35302929453404,5,243,1,25-34,FR,0
7,0,0,89.78344124176058,7,139,2,25-34,AT,0
3,1,0,63.18207719835723,5,151,1,45-54,FR,0
1,2,0,65.66493032689323,4,100,0,25-34,DE,0
5,1,0,99.43153834593829,6,147,1,45-54,FR,0
2,0,0,97.43848255910463,7,319,0,18-24,DE,1
4,0,2,64.83648386153354,1,295,0,45-54,IT,1
0,2,0,55.92896845388766,7,124,1,55+,CH,0
3,0,1,94.26347000416997,5,107,2,55+,DE,0
4,1,1,81.00836715830428,7,185,2,55+,CH,1
4,3,0,71.31162508394726,6,249,2,45-54,DE,1
9,2,0,58.56254579620111,7,66,0,25-34,DE,1
1,1,1,71.63393157429188,2,265,1,55+,CH,0
4,3,1,64.56583080224594,2,346,1,55+,FR,0
5,1,0,51.713236408540084,2,308,1,35-44,IT,1
9,2,1,67.5808465717447,2,200,1,25-34,CH,1
4,0,0,70.30848091279215,2,116,0,18-24,DE,0
5,2,0,57.49209866159538,4,118,0,35-44,CH,1
2,4,1,83.07651377219035,2,270,1,35-44,CH,1
3,1,0,90.77664784621977,2,166,1,25-34,DE,0
1,1,3,84.39795387310825,4,38,1,25-34,IT,0
1,4,1,59.475032295720105,6,247,0,35-44,AT,1
2,1,0,80.11643008376744,1,50,2,18-24,DE,0
5,0,1,66.5592279492008,4,360,0,55+,IT,0
3,3,1,40.28508042868096,5,152,0,25-34,FR,1
0,1,0,78.45458756995491,5,124,1,18-24,DE,0
6,0,0,67.92263281913897,1,20,0,18-24,FR,0
4,1,1,116.87096004138616,6,61,2,45-54,DE,0
5,0,1,94.1454172655712,1,345,0,45-54,DE,0
1,0,0,79.22300313869049,2,196,1,18-24,AT,0
1,1,1,69.98341002576359,3,329,0,18-24,FR,0
2,1,1,68.27444510116037,6,348,0,25-34,DE,0
3,1,1,44.926211927337846,2,17,2,25-34,CH,0
6,1,0,30.220255456001787,6,138,0,45-54,AT,1
3,0,0,47.5488178183687,7,305,1,18-24,CH,0
1,1,2,64.0456596365914,7,180,1,35-44,AT,0
4,1,1,22.889214435820318,3,185,2,25-34,IT,0
3,1,1,54.11356415454502,1,208,0,25-34,DE,0
3,2,1,60.04773933751148,2,256,1,25-34,FR,0
4,0,1,60.69146893029084,6,342,0,18-24,FR,0
3,0,1,51.76552803623711,2,323,0,25-34,FR,0
2,1,0,58.16972371237199,5,228,1,18-24,CH,0
3,4,0,99.47787656247723,3,210,1,18-24,DE,0
6,2,1,78.24290562981206,6,131,1,55+,DE,0
4,4,0,53.793984462037,5,42,1,25-34,FR,0
6,3,0,63.63304423276073,5,258,1,25-34,FR,0
1,0,0,64.43373328695466,6,0,0,18-24,FR,0
1,0,1,49.640891325196975,7,254,1,45-54,CH,0
3,0,0,49.61739564512291,3,181,0,55+,DE,0
3,1,1,85.21048040653426,4,287,1,45-54,DE,1
4,3,1,56.60431244966368,5,346,0,35-44,IT,1
6,1,0,43.10607225938257,6,201,0,45-54,CH,0
2,1,0,64.13719311861115,4,209,0,25-34,IT,0
7,0,0,67.36019506258248,3,177,1,45-54,DE,0
7,0,0,25.545915516123294,6,136,1,45-54,CH,1
2,1,0,64.18507284365614,7,32,0,18-24,AT,1
5,3,0,82.35959868696521,4,11,2,25-34,DE,1
1,0,1,74.02458771043666,1,263,0,25-34,DE,0
3,1,1,109.59590230389942,3,333,0,18-24,FR,1
2,1,1,90.02218964624359,4,19,0,45-54,CH,0
2,1,2,93.97868049501707,5,119,1,18-24,AT,1
1,1,1,121.00171871828653,5,221,0,45-54,AT,0
1,1,1,80.16312523549196,6,257,0,55+,FR,0
0,2,0,68.26140415865402,1,268,0,25-34,DE,0
3,0,0,84.47480586862665,4,253,2,25-34,CH,0
1,1,1,53.815271332100124,5,30,1,35-44,IT,1
2,0,1,67.15372638989939,7,92,1,45-54,CH,0
3,2,0,52.04544713843373,1,171,1,25-34,AT,0
5,1,0,72.95969115125763,7,23,0,25-34,FR,1
3,1,2,51.961818239603595,1,125,1,35-44,DE,0
0,2,1,51.26143000276565,2,140,0,55+,CH,0
2,0,0,73.26946586211008,6,357,2,25-34,FR,0
6,2,0,62.24577118438866,6,115,2,25-34,DE,0
3,3,0,26.44957728566506,7,354,2,55+,DE,0
2,2,0,35.888861573758206,5,255,0,18-24,FR,0
3,1,1,42.054670170770734,5,252,0,18-24,DE,1
1,0,2,47.34056187772051,4,299,1,35-44,DE,1
2,1,1,73.28846658957276,4,307,0,18-24,FR,0
5,0,0,69.37877694143272,4,81,1,25-34,FR,0
5,0,1,86.30558743398399,3,153,0,35-44,CH,0
2,2,1,80.05603645883542,6,192,0,35-44,AT,1
5,0,1,86.43805912365316,3,356,0,35-44,AT,0
2,2,0,77.16792382918246,5,14,1,25-34,CH,1
5,2,1,69.1935861818298,5,174,0,35-44,DE,0
4,2,0,86.98703484575312,4,78,0,35-44,FR,1
3,2,1,83.388255834802,5,75,0,45-54,DE,0
2,3,0,72.52190735107982,1,278,0,45-54,IT,0
3,1,0,90.42143741720284,3,73,0,35-44,CH,0
6,0,0,18.084235149932066,4,289,1,55+,CH,1
3,2,2,59.190736517191006,3,362,0,45-54,CH,0
1,1,0,58.88419068696538,7,283,1,18-24,CH,0
1,1,0,88.05365754963141,7,62,0,55+,AT,1
3,0,2,96.42789993901539,5,51,0,55+,DE,0
0,1,0,35.99641259579475,3,159,0,25-34,AT,1
3,1,2,93.22334348298551,1,201,0,18-24,DE,1
0,2,1,41.571096279474624,6,284,1,35-44,FR,0
2,0,0,42.17569508878355,7,154,2,25-34,AT,1
4,0,1,60.3142859534527,4,60,0,45-54,CH,0
3,2,0,58.63587055734831,6,361,0,35-44,DE,0
2,1,2,33.83165440566247,7,330,0,18-24,IT,0
7,2,1,77.99755946985134,4,238,1,25-34,IT,1
2,2,1,78.58804849453205,2,253,1,45-54,DE,0
2,0,1,86.08083192327341,1,341,2,18-24,CH,0
5,0,0,56.3308934044427,6,173,2,45-54,IT,0
1,1,2,64.20834570055102,4,53,0,25-34,DE,0
3,3,0,64.39145670194715,2,221,0,25-34,FR,0
4,0,1,98.7599088293693,1,164,0,35-44,CH,0
4,1,0,10.0,7,291,1,25-34,DE,1
3,4,3,45.86111302021793,3,281,1,35-44,IT,0
1,2,0,65.11081685583595,3,172,0,35-44,DE,0
3,0,1,43.28859530168994,5,134,1,18-24,AT,0
3,0,0,59.83359285457765,3,154,2,25-34,CH,1
5,1,2,62.47848927260181,7,230,1,45-54,CH,0
2,3,0,51.846277824150626,5,232,1,45-54,CH,1
2,1,2,66.28937852205345,3,186,0,35-44,CH,0
4,2,1,77.56298555515627,2,194,3,45-54,IT,1
4,0,1,60.27467109937996,7,362,1,18-24,FR,1
2,0,2,55.93610532062529,5,92,2,18-24,FR,0
1,2,0,61.68470166692256,7,63,0,35-44,CH,0
2,0,0,64.85127306708821,3,291,0,35-44,DE,0
1,1,3,30.19360869331156,1,341,0,45-54,DE,0
1,4,0,74.23107835922558,7,222,0,25-34,FR,0
2,1,2,55.97997541106411,2,146,0,35-44,CH,1
2,0,1,90.23070149622103,6,127,1,35-44,CH,0
1,1,0,76.82106951284949,5,170,0,25-34,CH,0
5,3,0,88.4013280843931,2,19,1,35-44,CH,1
6,2,0,44.77992412570183,6,192,0,35-44,FR,1
3,3,0,57.57226717625147,1,98,2,25-34,FR,1
3,0,3,40.15083025085182,3,96,0,25-34,AT,0
0,1,0,50.89617582141348,3,204,0,25-34,DE,0
4,0,0,90.04210849017183,5,351,3,55+,CH,0
2,1,1,94.7498115584499,4,75,0,25-34,DE,0
2,0,2,42.0373341039108,5,332,0,18-24,IT,0
4,1,0,55.83444663365433,4,189,2,18-24,FR,0
3,1,0,63.476086559521015,6,355,1,18-24,CH,0
2,1,0,76.71211283619563,2,139,1,25-34,IT,0
3,1,0,29.80379472927015,6,363,1,35-44,CH,0
5,1,1,32.93999836943123,1,240,1,18-24,DE,0
3,0,1,74.79252287744805,1,244,0,25-34,CH,0
3,3,2,26.019228621641513,6,205,3,18-24,DE,1
1,0,1,56.064051877222596,2,164,1,25-34,IT,0
2,2,2,68.24183617117681,6,191,1,18-24,FR,0
2,2,1,73.31331939866234,1,310,1,35-44,FR,0
4,1,2,62.16563808912336,2,289,0,35-44,IT,1
2,0,0,57.68486561904939,7,8,0,45-54,IT,0
2,1,1,81.89141719432959,2,253,0,25-34,CH,0
3,3,0,70.70411852731515,7,304,0,45-54,DE,0
3,0,2,52.0596675609708,3,271,0,35-44,CH,0
3,1,0,65.75445793364477,6,181,1,18-24,AT,0
3,3,1,72.66338045312385,7,122,0,25-34,AT,0
0,1,1,99.36474482902763,1,245,5,45-54,FR,1
3,1,1,80.72647336583158,3,242,2,25-34,DE,1
4,0,1,89.29113711907887,5,136,4,25-34,DE,1
3,2,1,52.7878520740074,7,148,0,35-44,IT,0
2,0,0,54.51634187489995,2,134,2,18-24,DE,0
2,1,1,60.292400143740196,2,16,3,55+,CH,0
4,0,0,62.12854706723672,3,11,1,18-24,CH,0
5,1,1,44.83950084394219,2,30,1,18-24,DE,0
4,1,0,90.31867253113636,2,154,1,18-24,FR,0
3,0,0,82.66703275517584,1,186,0,25-34,AT,0
7,0,0,58.886442773969854,6,149,2,45-54,FR,0
4,0,2,77.83421298027707,6,348,1,45-54,CH,0
2,0,0,69.45798326007676,2,82,0,55+,CH,1
1,1,0,79.39655961862749,4,143,0,35-44,AT,0
3,2,0,38.1138575294874,5,90,2,25-34,CH,1
4,2,1,62.086778536051305,5,109,2,25-34,CH,1
0,0,0,63.83922944188409,7,213,1,18-24,FR,0
1,1,1,77.47284199223303,5,113,0,55+,DE,0
0,1,0,52.431247976357334,5,115,0,25-34,DE,0
6,1,0,15.001385518352075,1,244,1,25-34,IT,1
5,1,1,43.36600564634159,1,303,0,35-44,FR,0
2,1,0,63.77904028578185,5,77,2,45-54,DE,1
2,0,1,66.27768451006663,7,40,0,25-34,DE,1
2,4,0,98.67496245249968,3,87,0,35-44,AT,0
1,1,0,76.65492881316197,5,210,0,35-44,FR,0
1,1,0,66.63060558462979,2,350,2,45-54,FR,0
2,2,0,64.35217446437125,4,58,1,18-24,DE,0
5,2,0,87.08366764339385,6,15,0,18-24,AT,0
5,0,1,53.197790956851236,5,192,0,25-34,IT,0
1,0,2,62.19432424518802,1,361,1,45-54,CH,0
3,2,0,43.21483759723397,7,201,1,55+,DE,0
3,1,3,93.37812097390608,7,337,1,35-44,FR,0
1,1,0,72.84997874003227,4,234,0,25-34,IT,0
3,2,0,50.849534079921085,3,11,2,25-34,IT,1
3,0,1,62.71089979363384,4,156,1,35-44,AT,1
1,3,0,75.1930152641256,6,281,2,25-34,FR,1
5,1,1,59.98562174555449,4,185,1,35-44,DE,1
3,1,1,54.31058756574798,1,71,0,45-54,CH,0
2,1,1,51.91452628031337,1,66,2,25-34,IT,0
3,0,1,71.7792379848223,6,242,2,25-34,DE,0
3,1,2,57.8389144157863,6,169,0,18-24,DE,0
0,2,0,55.92484530474508,6,209,0,25-34,FR,0
0,0,1,38.278764898891886,1,136,0,35-44,CH,0
2,1,0,66.5528115305434,2,123,0,25-34,IT,0
2,3,0,61.37553122416183,3,243,0,18-24,DE,1
2,1,0,58.567033027160704,2,2,0,18-24,DE,0
3,1,0,68.97541354977437,3,158,0,18-24,DE,1
2,1,1,79.96004525471795,4,135,0,35-44,FR,0
6,0,1,79.03130943880937,2,284,2,35-44,FR,1
5,1,0,76.05457001799525,1,265,1,35-44,CH,0
2,2,0,60.18659442728558,3,155,0,35-44,CH,1
1,0,2,53.66003328117516,6,95,1,18-24,DE,0
2,0,0,44.12168717355125,5,86,0,35-44,FR,0
3,0,0,53.13686985323836,3,77,0,18-24,AT,0
1,1,0,65.39300190273138,3,99,1,55+,FR,0
6,1,1,49.274277566950346,5,277,0,18-24,DE,0
6,0,2,66.92114278234885,2,16,0,25-34,FR,0
3,2,1,45.690866441762715,6,9,0,18-24,DE,0
0,2,1,31.78016221985956,7,197,1,45-54,DE,0
5,1,1,81.3881224172959,1,81,2,18-24,DE,0
4,2,0,55.51170809268311,7,303,1,55+,DE,0
4,2,1,48.259326935522175,1,274,0,18-24,DE,0
4,0,0,43.12305717405123,4,280,0,45-54,IT,0
5,2,1,73.46071949460801,5,166,1,35-44,DE,1
1,1,2,92.49815422935934,3,159,1,25-34,FR,1
1,0,0,56.93852277987711,2,155,0,25-34,AT,1
3,2,0,60.688732506748366,1,71,1,25-34,CH,1
1,0,1,86.43263679778144,6,207,0,45-54,CH,0
4,1,0,28.791085912833758,1,315,3,45-54,FR,0
3,1,0,104.33737285825333,4,93,0,18-24,DE,0
5,0,0,113.8820060465274,3,20,0,25-34,CH,0
1,1,1,10.873249411598342,7,206,1,25-34,CH,0
4,1,2,63.04993542166486,7,145,0,18-24,IT,0
6,3,0,50.621059362608726,6,291,0,35-44,IT,1
1,2,0,59.70456458190532,6,312,2,25-34,IT,0
2,0,1,56.632298607681534,4,346,0,25-34,FR,0
2,1,1,81.23518196958716,3,143,1,45-54,CH,0
4,2,3,62.748601860640186,2,329,0,45-54,IT,0
7,2,1,46.78185571600087,7,43,0,45-54,IT,0
4,1,0,61.55629677409752,3,136,1,18-24,CH,0
3,2,0,75.29568473924819,4,97,2,55+,AT,0
2,1,0,41.32557344469436,1,336,1,35-44,IT,1
3,1,1,32.07532622060039,2,219,0,35-44,CH,1
4,4,0,104.8548560167064,5,133,1,18-24,DE,1
1,3,1,52.15146640583127,3,55,0,55+,DE,1
2,1,1,62.252940261609545,5,285,1,35-44,FR,0
5,2,0,57.04409188348855,2,239,0,45-54,DE,0
0,0,1,75.96175408164284,1,311,0,35-44,CH,1
3,2,0,100.45579846182088,7,159,1,45-54,FR,0
7,1,0,76.59867683458569,4,54,2,35-44,IT,0
1,4,1,34.632697049200175,3,122,0,55+,IT,0
2,1,1,37.317531459829404,3,226,1,25-34,FR,0
0,0,0,57.02070449346167,5,87,0,25-34,CH,0
2,0,0,59.635336009334665,4,25,0,35-44,DE,0
5,2,0,30.560974609067987,3,300,0,35-44,FR,0
2,2,0,81.38681840348882,7,193,2,35-44,DE,0
5,0,1,43.27358884237043,7,144,1,35-44,CH,0
1,0,0,94.8660312425151,2,201,2,35-44,AT,0
2,1,1,101.41265194411442,5,269,1,45-54,CH,1
6,1,0,60.03492934735645,7,0,1,25-34,FR,0
7,3,0,73.7794528083637,4,160,0,45-54,FR,1
4,2,0,40.36105555831597,1,92,1,18-24,IT,0
2,0,0,77.47352652958229,1,33,0,35-44,CH,0
5,0,1,55.0361515313126,5,13,0,55+,CH,0
2,0,1,43.25529356823293,7,160,0,25-34,DE,1
7,1,1,59.21330023494031,1,198,2,25-34,FR,1
8,0,0,55.68503983189274,4,185,3,25-34,DE,0
2,1,0,58.49681193992491,4,285,1,35-44,CH,0
3,1,0,83.99359805632717,2,167,0,25-34,FR,0
3,0,2,49.293848147285345,5,215,1,18-24,DE,0
4,0,1,99.70045999547752,7,297,1,55+,CH,0
5,0,0,38.49880734349293,2,239,0,25-34,DE,0
3,0,1,97.30860546357191,1,332,0,35-44,DE,1
3,1,0,44.66978756186612,3,80,2,35-44,DE,0
4,0,1,64.97973534926768,3,287,3,18-24,DE,1
5,2,1,55.196077730439605,6,254,2,18-24,AT,0
4,1,0,58.125426569242904,4,212,2,55+,AT,0
5,2,0,81.02714472711098,1,1,1,35-44,FR,1
3,0,1,94.99653594457621,3,197,2,18-24,FR,0
2,3,0,88.81049409911284,6,313,0,45-54,FR,0
2,1,3,56.902873353163045,4,235,0,35-44,IT,0
4,2,0,68.68510444809107,4,1,1,18-24,CH,0
3,0,1,49.35844252663276,2,105,1,35-44,DE,1
2,1,2,45.168993748506104,3,207,0,25-34,FR,1
3,1,0,42.073981885426626,1,296,2,25-34,AT,0
2,1,1,56.248533860317416,1,162,0,45-54,DE,1
2,0,0,69.99211262029884,1,312,0,25-34,CH,0
3,1,0,26.763696804969904,5,290,0,25-34,CH,0
2,0,2,64.07292594838468,2,97,0,25-34,CH,1
1,1,2,95.32050249099049,5,71,1,45-54,FR,0
3,0,0,87.4382213814825,7,329,0,35-44,CH,0
8,0,1,53.296318469466684,5,215,0,55+,AT,0
1,0,0,37.06254181434428,5,309,0,25-34,IT,1
5,2,0,74.19660612929653,1,336,1,45-54,DE,0
2,3,4,18.651434995849996,4,154,0,35-44,IT,0
4,0,0,87.20308231765355,7,16,2,25-34,FR,0
1,2,3,60.72825084233519,3,331,4,18-24,CH,0
2,1,0,101.62600641154802,6,213,3,45-54,CH,0
5,2,1,30.460690288470683,5,43,1,25-34,IT,0
2,1,0,83.36292450415667,2,193,1,35-44,CH,0
8,1,0,62.98982326371603,1,10,1,35-44,DE,0
1,3,0,58.37898937055839,1,105,0,18-24,DE,1
1,1,0,37.60313069575711,2,126,0,55+,DE,0
2,0,3,76.91495813423433,3,165,0,45-54,FR,0
1,0,0,78.52274769553716,5,206,2,25-34,DE,1
2,1,0,100.7025560393178,5,306,0,35-44,FR,0
0,1,0,85.16100525721184,4,128,2,25-34,CH,0
3,0,0,53.1220934208853,6,268,0,45-54,IT,0
3,3,2,44.92274832764971,6,343,1,18-24,CH,0
6,1,0,37.630171329552276,5,273,0,25-34,AT,0
2,1,0,94.46448691278941,7,92,0,25-34,AT,0
5,1,0,49.43651431444268,3,247,0,25-34,DE,0
0,0,0,94.60459737942614,6,102,0,25-34,FR,0
3,1,0,75.50144081724133,3,174,0,18-24,DE,0
2,1,0,71.59805763187921,2,231,1,55+,IT,0
1,0,0,58.86263374879403,2,107,0,18-24,FR,0
4,1,1,78.21345826004502,1,1,1,18-24,DE,0
6,1,0,64.69058474326395,7,305,0,25-34,DE,0
2,1,0,57.61573417062379,2,265,0,35-44,CH,0
2,3,0,78.920095732964,6,44,0,18-24,IT,0
2,0,1,62.12055781557739,6,137,1,35-44,IT,0
2,1,2,49.03330442522346,4,95,0,45-54,DE,0
1,0,0,76.99653550921302,7,356,2,18-24,DE,0
2,1,0,63.72028688742869,7,343,1,55+,CH,0
1,0,0,74.77820023515609,7,252,2,25-34,CH,0
1,0,1,55.92280283291627,4,160,0,35-44,DE,0
3,1,0,40.81757390638088,3,19,0,18-24,DE,1
0,1,0,99.70147925028552,1,90,1,35-44,IT,0
2,0,0,95.93222821527148,6,33,1,45-54,CH,0
5,1,1,82.67569922523923,7,288,1,18-24,FR,0
4,2,0,57.243786292514535,4,32,0,18-24,CH,0
4,2,0,58.99364053677855,1,247,1,25-34,CH,0
3,2,1,92.6465489179293,6,347,1,18-24,FR,0
3,2,1,57.923399248651734,3,112,3,55+,DE,1
2,0,0,52.34887927305405,4,249,0,35-44,DE,0
1,2,1,102.44469351272906,5,320,2,35-44,AT,0
2,2,0,64.04644636772255,2,156,1,55+,IT,0
2,0,1,100.3685065702769,1,163,1,45-54,FR,0
5,1,0,37.03216178619996,1,73,1,45-54,DE,1
4,0,1,75.36369765569003,7,156,1,25-34,DE,1
1,1,0,106.4216519843323,7,318,1,25-34,DE,0
1,0,0,65.59501489317724,3,242,1,25-34,AT,0
3,1,1,59.719910154644076,3,73,0,25-34,IT,0
2,5,0,41.644961648031604,3,192,0,25-34,CH,0
5,1,1,86.64686108870495,3,257,1,18-24,AT,0
3,2,1,49.59743834718625,4,28,1,25-34,DE,0
0,0,0,63.10382881220023,3,278,1,25-34,CH,0
4,2,0,40.30995440414777,5,73,1,25-34,DE,0
3,0,1,96.13789200194866,3,107,0,18-24,DE,0
2,3,1,88.09770621451365,5,151,0,25-34,AT,0
2,0,2,64.36830501573738,7,184,0,25-34,IT,1
8,0,2,41.91702128826144,2,334,2,45-54,DE,0
2,2,0,95.71814098485264,1,81,1,35-44,DE,1
1,1,1,57.681365459057055,4,93,0,25-34,CH,0
3,1,0,42.89590318364963,1,138,0,18-24,DE,0
4,2,0,29.75763975054912,2,312,0,25-34,CH,1
3,2,1,52.0806973621245,6,352,0,18-24,CH,1
4,0,1,35.90723754940121,3,165,2,25-34,DE,0
3,1,0,52.54358326954351,4,252,1,55+,DE,0
5,2,1,79.88817467395431,6,334,1,25-34,DE,1
3,2,0,57.49199672049534,1,309,0,25-34,AT,1
3,1,0,72.11386764227422,4,248,0,45-54,CH,1
2,2,1,50.533306809355366,1,197,0,35-44,CH,0
4,1,0,66.30338132728463,4,359,1,18-24,DE,0
1,2,0,103.41801644172043,2,87,0,18-24,FR,0
4,1,0,58.03027843946207,7,132,2,55+,DE,0
2,0,0,72.68858875239317,2,260,1,18-24,DE,1
8,0,0,33.68945545063123,2,7,0,35-44,FR,0
3,0,0,95.40212244833741,1,182,0,45-54,FR,1
3,2,0,55.455867421102695,1,311,0,25-34,DE,0
2,1,1,86.01067299813002,2,64,0,45-54,CH,0
3,1,0,62.53639408482189,2,293,4,18-24,AT,0
2,1,0,77.23158730041612,6,150,2,25-34,DE,0
2,1,0,78.42024854422002,7,314,0,25-34,DE,0
8,2,1,55.95119320974566,6,231,1,55+,CH,0
1,0,0,86.83812871523703,7,57,1,25-34,DE,0
4,2,0,49.82030272013801,7,268,1,18-24,FR,0
8,0,0,80.55868440055086,4,20,0,55+,FR,1
1,0,0,57.19589411666938,3,88,1,18-24,CH,0
1,2,0,71.9911589726412,5,324,1,45-54,FR,0
6,2,1,55.760139952914784,3,319,0,35-44,CH,0
3,0,1,65.99951949413192,5,16,0,35-44,FR,0
4,0,0,43.50612596616466,7,138,2,45-54,DE,0
2,1,2,69.95113969377589,2,34,0,45-54,DE,0
1,1,1,65.88375669919172,6,98,2,18-24,FR,1
3,2,0,54.19692891855055,7,353,0,55+,DE,0
2,1,0,63.899440672194075,4,71,0,55+,DE,0
4,1,0,67.68008952335819,3,234,0,55+,DE,0
0,1,0,52.67285893469776,2,293,4,35-44,FR,0
3,2,0,62.424828485406614,2,321,1,35-44,DE,0
3,2,0,44.88896118210158,3,129,0,35-44,FR,0
3,1,2,111.91466077922014,6,254,1,18-24,FR,0
4,1,0,86.1823732041637,4,176,4,25-34,FR,1
2,0,1,70.46188211263102,2,39,0,35-44,DE,0
2,1,1,88.4422585495339,4,81,2,35-44,IT,0
2,2,0,25.414950466324445,6,273,0,25-34,DE,0
5,3,0,13.846405243319877,1,250,0,25-34,AT,1
1,0,2,57.01417876500187,1,190,0,35-44,FR,0
1,0,0,37.42871712795782,7,285,3,25-34,DE,0
5,4,0,60.26788951103342,6,252,1,55+,IT,1
2,1,0,69.11313281189797,5,123,0,35-44,CH,0
4,0,2,83.40828996681222,7,107,0,18-24,CH,0
1,1,0,42.23472031449573,5,344,1,18-24,CH,0
3,2,0,72.99261372320143,4,354,0,35-44,FR,0
1,3,0,65.28779386304466,2,11,2,25-34,FR,0
5,1,0,71.9501861986617,6,288,0,45-54,IT,0
7,0,1,54.604560984928,6,48,3,18-24,DE,0
